{
  "manifest_version": 2,
  "name": "Postwoman-Http调试",
  "version": "1.0.10",
  "description": "开源API接口调试工具，支持Restful接口、http、https接口调试、POST模拟，支持PUT、DELETE接口调试。支持切换语言，支持云端备份，相较于postman，Postwoman更符合中国用户习惯。",
  "author": "ihsantang@163.com",
  "icons": {
    "64": "logo.png",
    "128": "logo.png"
  },
  "browser_action": {
    "default_icon": "logo.png",
    "default_title": "Postwoman-中文版",
    "default_popup": "index.html"
  },
  "permissions": [
    "http://*/*",
    "https://*/*",
    "cookies",
    "storage"
  ],
  "content_scripts": [
    {
      "matches": [
        "http://*/*",
        "https://*/*"
      ],
      "js": [
        "source/tools/jquery-1.9.1.min.js",
        "source/content_scripts.js"
      ]
    }
  ],
  "background": {
    "page": "background.html"
  }
}
